time_us,rx_bytes,tx_bytes
0.0,0,0
603.7,0,0
1195.2,0,0
1787.6,0,0
2378.4,0,0
2968.2,0,0
3558.1,0,0
4147.7,0,0
4737.8,0,0
5327.1,0,0
5907.9,0,0
6489.1,0,0
7069.4,0,0
7650.1,0,0
8231.1,0,0
8814.4,0,0
9397.7,0,0
9980.4,0,0
10560.3,0,0
11156.5,0,0
11741.5,0,0
12326.5,0,0
12907.3,0,0
13487.6,0,0
14067.7,0,0
14647.5,0,0
15227.0,0,0
15807.4,0,0
16386.1,0,0
16965.1,0,0
17546.9,0,0
18127.0,0,0
18707.5,0,0
19287.5,0,0
19867.1,0,0
20448.7,0,0
21028.8,0,0
21608.3,0,0
22188.8,0,0
22769.9,0,0
23351.0,0,0
23930.4,0,0
24511.1,0,0
25089.9,0,0
25669.5,0,0
26250.1,0,0
26830.9,0,0
27410.4,0,0
27989.7,0,0
28574.9,0,0
29156.0,0,0
29736.0,0,0
30319.1,0,0
30899.7,0,0
31479.8,0,0
32059.7,0,0
32639.9,0,0
33219.8,0,0
33800.0,0,0
34380.0,0,0
34959.7,0,0
35539.6,0,0
36118.6,0,0
36698.0,0,0
37278.1,0,0
37859.4,0,0
38440.6,0,0
39020.7,0,0
39600.7,0,0
40180.9,0,0
40760.5,0,0
41339.6,0,0
41919.1,0,0
42498.8,0,0
43079.7,0,0
43660.1,0,0
44239.3,0,0
44820.0,0,0
45401.4,0,0
45981.6,0,0
46561.2,0,0
47248.3,0,0
47828.7,0,0
48410.3,0,0
48992.6,0,0
49574.4,0,0
50154.6,0,0
50736.8,0,0
51318.7,0,0
51901.3,0,0
52484.3,0,0
53066.3,0,0
53647.7,0,0
54228.2,0,0
54810.0,0,0
55395.1,0,0
55976.0,0,0
56558.7,0,0
57139.0,0,0
57719.2,0,0
58302.9,0,0
58884.3,0,0
59466.4,0,0
60047.4,0,0
60630.3,0,0
61213.5,0,0
61794.8,0,0
62377.5,0,0
62960.4,0,0
63541.6,0,0
64122.6,0,0
64703.3,0,0
65284.3,0,0
65866.7,0,0
66449.0,0,0
67029.7,0,0
67613.2,0,0
68194.3,0,0
68775.0,0,0
69355.9,0,0
69938.7,0,0
70521.2,0,0
71102.2,0,0
71682.7,0,0
72263.7,0,0
72844.8,0,0
73427.0,0,0
74008.8,0,0
74590.3,0,0
75170.7,0,0
75752.5,0,0
76334.9,0,0
76917.7,0,0
77499.6,0,0
78080.6,0,0
78661.5,0,0
79242.7,0,0
79823.7,0,0
80404.6,0,0
80986.2,0,0
81568.2,0,0
82149.6,0,0
82729.8,0,0
83311.3,0,0
83892.1,0,0
84474.1,0,0
85056.5,0,0
85637.8,0,0
86219.1,0,0
86800.6,0,0
87381.3,0,0
87964.3,0,0
88545.6,0,0
89126.8,0,0
89707.9,0,0
90291.3,0,0
90873.0,0,0
91455.3,0,0
92036.8,0,0
92617.4,0,0
93199.5,0,0
93780.3,0,0
94363.1,0,0
94943.8,0,0
95524.8,0,0
96105.7,0,0
96686.8,0,0
97267.0,0,0
97849.1,0,0
98432.3,0,0
99013.7,0,0
99593.9,0,0
100174.8,0,0
100755.9,0,0
101336.0,0,0
101919.0,0,0
102502.0,0,0
103083.3,0,0
103664.5,0,0
104245.3,0,0
104827.5,0,0
105410.3,0,0
105992.1,0,0
106573.6,0,0
107155.5,0,0
107739.2,0,0
108321.7,0,0
108902.5,0,0
109484.7,0,0
110065.6,0,0
110647.2,0,0
111229.8,0,0
111811.0,0,0
112393.2,0,0
112975.6,0,0
113557.4,0,0
114138.7,0,0
114720.8,0,0
115301.5,0,0
115882.3,0,0
116465.1,0,0
117045.7,0,0
117627.7,0,0
118209.7,0,0
118790.9,0,0
119372.1,0,0
119955.1,0,0
120537.5,0,0
121119.2,0,0
121701.8,0,0
122282.4,0,0
122862.4,0,0
123444.6,0,0
124028.2,0,0
124610.3,0,0
125191.3,0,0
125772.6,0,0
126354.6,0,0
126937.3,0,0
127519.3,0,0
128104.5,0,0
128686.8,0,0
129267.2,0,0
129847.2,0,0
130427.5,0,0
131008.7,0,0
131590.4,0,0
132171.4,0,0
132754.2,0,0
133334.0,0,0
133915.4,0,0
134496.5,0,0
135076.5,0,0
135657.0,0,0
136239.4,0,0
136820.1,0,0
137401.8,0,0
137983.3,0,0
138564.4,0,0
139147.3,0,0
139728.1,0,0
140308.1,0,0
140888.8,0,0
141470.4,0,0
142052.0,0,0
142634.1,0,0
143214.8,0,0
143795.4,0,0
144375.7,0,0
144972.9,0,0
145566.3,0,0
146160.3,0,0
146752.1,0,0
147344.4,0,0
147936.8,0,0
148528.2,0,0
149118.9,0,0
149699.7,0,0
150282.3,0,0
150864.2,0,0
151445.2,0,0
152025.8,0,0
152606.8,0,0
153188.0,0,0
153769.1,0,0
154350.1,0,0
154930.6,0,0
155511.1,0,0
156090.5,0,0
156673.1,0,0
157254.2,0,0
157835.4,0,0
158415.8,0,0
158997.4,0,0
159578.5,0,0
160158.9,0,0
160740.3,0,0
161328.2,0,0
161911.2,0,0
162494.6,0,0
163076.5,0,0
163658.0,0,0
164240.9,0,0
164824.5,0,0
165405.2,0,0
165986.8,0,0
166571.9,0,0
167154.4,0,0
167736.4,0,0
168318.0,0,0
168898.9,0,0
169480.9,0,0
170062.7,0,0
170643.8,0,0
171225.0,0,0
171806.2,0,0
172386.5,0,0
172969.1,0,0
173551.5,0,0
174132.2,0,0
174712.7,0,0
175295.7,0,0
175876.4,0,0
176456.9,0,0
177039.6,0,0
177620.4,0,0
178202.2,0,0
178784.2,0,0
179364.9,0,0
179945.6,0,0
180526.1,0,0
181105.9,0,0
181688.5,0,0
182270.0,0,0
182851.0,0,0
183431.5,0,0
184013.6,0,0
184595.0,0,0
185176.0,0,0
185758.0,0,0
186340.8,0,0
186921.0,0,0
187501.7,0,0
188082.5,0,0
188663.5,0,0
189243.7,0,0
189824.7,0,0
190406.6,0,0
190988.0,0,0
191568.9,0,0
192150.3,0,0
192730.9,0,0
193311.8,0,0
193893.0,0,0
194474.2,0,0
195055.8,0,0
195637.4,0,0
196217.6,0,0
196799.0,0,0
197380.0,0,0
197961.7,0,0
198544.6,0,0
199125.1,0,0
199705.8,0,0
200286.0,0,0
200868.2,0,0
201449.1,0,0
202029.3,0,0
202609.7,0,0
203190.9,0,0
203774.6,0,0
204356.1,0,0
204937.3,0,0
205517.9,0,0
206100.6,0,0
206681.8,0,0
207262.5,0,0
207844.2,0,0
208424.3,0,0
209005.4,0,0
209589.2,0,0
210169.0,0,0
210749.5,0,0
211333.4,0,0
211915.7,0,0
212498.1,0,0
213080.8,0,0
213662.0,0,0
214242.3,0,0
214822.8,0,0
215403.2,0,0
215983.2,0,0
216564.1,0,0
217145.0,0,0
217725.3,0,0
218307.8,0,0
218890.0,0,0
219471.3,0,0
220051.4,0,0
220632.0,0,0
221213.5,0,0
221794.4,0,0
222375.3,0,0
222955.9,0,0
223537.1,0,0
224119.0,0,0
224701.1,0,0
225281.5,0,0
225862.6,0,0
226443.7,0,0
227024.1,0,0
227607.4,0,0
228188.0,0,0
228769.9,0,0
229350.4,0,0
229931.3,0,0
230512.0,0,0
231093.1,0,0
231673.0,0,0
232254.8,0,0
232836.5,0,0
233418.0,0,0
233998.5,0,0
234579.8,0,0
235161.0,0,0
235741.8,0,0
236322.3,0,0
236903.5,0,0
237484.2,0,0
238067.0,0,0
238650.0,0,0
239232.3,0,0
239813.0,0,0
240393.8,0,0
240975.3,0,0
241556.4,0,0
242139.2,0,0
242720.9,0,0
243300.9,0,0
243880.8,0,0
244461.2,0,0
245043.2,0,0
245625.7,0,0
246206.6,0,0
246787.8,0,0
247368.0,0,0
247949.3,0,0
248531.9,0,0
249113.8,0,0
249696.6,0,0
250276.9,0,0
250857.6,0,0
251439.1,0,0
252019.7,0,0
252601.8,0,0
253182.7,0,0
253763.1,0,0
254344.6,0,0
254925.5,0,0
255506.0,0,0
256086.2,0,0
256666.3,0,0
257247.3,0,0
257828.3,0,0
258409.2,0,0
258990.1,0,0
259570.4,0,0
260151.0,0,0
260731.1,0,0
261314.8,0,0
261897.6,0,0
262477.6,0,0
263058.5,0,0
263638.2,0,0
264218.9,0,0
264798.9,0,0
265379.0,0,0
265961.8,0,0
266543.4,0,0
267124.2,0,0
267704.9,0,0
268286.0,0,0
268866.1,0,0
269447.6,0,0
270028.6,0,0
270611.1,0,0
271191.7,0,0
271773.2,0,0
272353.4,0,0
272934.5,0,0
273514.7,0,0
274094.6,0,0
274676.3,0,0
275257.8,0,0
275838.7,0,0
276418.3,0,0
277000.1,0,0
277581.5,0,0
278162.9,0,0
278745.2,0,0
279325.3,0,0
279907.3,0,0
280488.7,0,0
281068.8,0,0
281648.7,0,0
282228.8,0,0
282809.5,0,0
283389.1,0,0
283969.3,0,0
284549.0,0,0
285129.8,0,0
285710.4,0,0
286291.2,0,0
286871.5,0,0
287452.4,0,0
288033.0,0,0
288614.5,0,0
289197.3,0,0
289777.8,0,0
290358.1,0,0
290941.1,0,0
291522.6,0,0
292105.0,0,0
292686.5,0,0
293267.9,0,0
293848.4,0,0
294428.4,0,0
295009.6,0,0
295591.5,0,0
296172.1,0,0
296754.1,0,0
297334.6,0,0
297916.3,0,0
298497.9,0,0
299079.1,0,0
299660.4,0,0
300240.7,0,0
300821.5,0,0
301402.1,0,0
301984.6,0,0
302566.0,0,0
303146.7,0,0
303727.3,0,0
304307.2,0,0
304888.3,0,0
305468.5,0,0
306049.1,0,0
306629.2,0,0
307212.0,0,0
307795.5,0,0
308376.3,0,0
308957.0,0,0
309537.2,0,0
310119.6,0,0
310700.3,0,0
311281.2,0,0
311862.1,0,0
312443.2,0,0
313025.3,0,0
313606.8,0,0
314188.0,0,0
314768.1,0,0
315348.7,0,0
315930.9,0,0
316511.5,0,0
317092.2,0,0
317673.4,0,0
318254.5,0,0
318836.4,0,0
319418.4,0,0
319999.5,0,0
320580.0,0,0
321160.7,0,0
321742.4,0,0
322322.7,0,0
322904.2,0,0
323484.9,0,0
324065.5,0,0
324645.4,0,0
325226.4,0,0
325806.9,0,0
326391.7,0,0
326973.0,0,0
327553.9,0,0
328135.1,0,0
328715.1,0,0
329296.5,0,0
329877.7,0,0
330458.5,0,0
331038.5,0,0
331618.6,0,0
332199.6,0,0
332781.8,0,0
333363.9,0,0
333944.6,0,0
334524.5,0,0
335105.1,0,0
335685.1,0,0
336265.9,0,0
336847.8,0,0
337430.2,0,0
338010.5,0,0
338591.8,0,0
339172.3,0,0
339754.2,0,0
340337.5,0,0
340919.4,0,0
341500.4,0,0
342080.8,0,0
342661.3,0,0
343244.1,0,0
343827.1,0,0
344408.6,0,0
344988.9,0,0
345570.9,0,0
346151.7,0,0
346731.9,0,0
347313.4,0,0
347894.3,0,0
348475.6,0,0
349055.5,0,0
349635.9,0,0
350215.4,0,0
350797.1,0,0
351378.9,0,0
351959.4,0,0
352540.3,0,0
353122.9,0,0
353704.8,0,0
354285.6,0,0
354868.9,0,0
355449.2,0,0
356028.9,0,0
356610.3,0,0
357193.0,0,0
357773.6,0,0
358354.7,0,0
358935.0,0,0
359515.0,0,0
360094.9,0,0
360674.9,0,0
361254.5,0,0
361840.8,0,0
362424.4,0,0
363006.3,0,0
363587.8,0,0
364170.5,0,0
364753.4,0,0
365336.2,0,0
365917.3,0,0
366497.7,0,0
367077.9,0,0
367658.7,0,0
368240.8,0,0
368822.0,0,0
369404.1,0,0
369985.6,0,0
370566.3,0,0
371147.0,0,0
371728.0,0,0
372308.8,0,0
372894.1,0,0
373476.8,0,0
374059.2,0,0
374639.9,0,0
375220.5,0,0
375801.3,0,0
376382.2,0,0
376962.6,0,0
377542.6,0,0
378124.8,0,0
378706.8,0,0
379287.5,0,0
379867.6,0,0
380448.3,0,0
381029.4,0,0
381609.9,0,0
382190.6,0,0
382770.6,0,0
383351.6,0,0
383932.2,0,0
384515.3,0,0
385096.5,0,0
385676.9,0,0
386258.3,0,0
386842.4,0,0
387423.2,0,0
388004.1,0,0
388583.9,0,0
389164.4,0,0
389743.9,0,0
390325.6,0,0
390907.8,0,0
391489.7,0,0
392070.4,0,0
392650.5,0,0
393231.7,0,0
393812.0,0,0
394394.0,0,0
394976.1,0,0
395557.1,0,0
396138.0,0,0
396718.7,0,0
397298.8,0,0
397881.2,0,0
398463.1,0,0
399043.9,0,0
399624.0,0,0
400204.8,0,0
400784.9,0,0
401367.5,0,0
401949.5,0,0
402531.0,0,0
403111.6,0,0
403692.1,0,0
404272.5,0,0
404854.0,0,0
405435.2,0,0
406015.9,0,0
406595.8,0,0
407176.3,0,0
407759.4,0,0
408341.4,0,0
408921.8,0,0
409502.6,0,0
410084.0,0,0
410664.9,0,0
411245.3,0,0
411828.2,0,0
412410.2,0,0
412991.4,0,0
413573.6,0,0
414155.0,0,0
414736.8,0,0
415317.5,0,0
415899.5,0,0
416480.2,0,0
417061.7,0,0
417643.4,0,0
418225.5,0,0
418806.2,0,0
419387.0,0,0
419971.2,0,0
420552.1,0,0
421132.1,0,0
421713.8,0,0
422294.4,0,0
422876.5,0,0
423456.9,0,0
424037.8,0,0
424620.3,0,0
425202.2,0,0
425785.4,0,0
426367.2,0,0
426948.6,0,0
427528.5,0,0
428109.0,0,0
428691.9,0,0
429272.5,0,0
429853.9,0,0
430435.0,0,0
431015.6,0,0
431599.5,0,0
432180.9,0,0
432761.1,0,0
433342.9,0,0
433924.2,0,0
434505.3,0,0
435087.4,0,0
435669.5,0,0
436250.7,0,0
436833.3,0,0
437413.9,0,0
437998.2,0,0
438581.2,0,0
439163.1,0,0
439745.1,0,0
440326.4,0,0
440906.9,0,0
441486.8,0,0
442066.6,0,0
442647.1,0,0
443228.8,0,0
443809.1,0,0
444391.4,0,0
444973.2,0,0
445554.5,0,0
446135.1,0,0
446717.6,0,0
447298.6,0,0
447879.1,0,0
448461.9,0,0
449043.1,0,0
449625.6,0,0
450206.4,0,0
450787.1,0,0
451367.8,0,0
451950.9,0,0
452532.8,0,0
453113.8,0,0
453694.0,0,0
454277.0,0,0
454857.6,0,0
455439.0,0,0
456019.9,0,0
456601.9,0,0
457184.3,0,0
457765.4,0,0
458346.8,0,0
458927.6,0,0
459509.2,0,0
460090.3,0,0
460670.9,0,0
461251.9,0,0
461834.0,0,0
462415.7,0,0
462997.7,0,0
463580.2,0,0
464160.6,0,0
464742.3,0,0
465324.7,0,0
465906.5,0,0
466488.7,0,0
467069.6,0,0
467650.5,0,0
468231.5,0,0
468813.5,0,0
469397.0,0,0
469979.6,0,0
470560.0,0,0
471140.4,0,0
471722.6,0,0
472305.6,0,0
472886.7,0,0
473467.5,0,0
474048.9,0,0
474630.6,0,0
475212.1,0,0
475792.4,0,0
476374.4,0,0
476955.5,0,0
477537.0,0,0
478118.3,0,0
478699.2,0,0
479280.9,0,0
479861.1,0,0
480441.2,0,0
481022.9,0,0
481604.2,0,0
482185.5,0,0
482768.4,0,0
483350.1,0,0
483931.8,0,0
484513.0,0,0
485094.2,0,0
485675.8,0,0
486256.3,0,0
486838.3,0,0
487419.7,0,0
488004.3,0,0
488586.6,0,0
489167.0,0,0
489747.4,0,0
490329.2,0,0
490910.5,0,0
491492.7,0,0
492074.9,0,0
492657.5,0,0
493239.3,0,0
493820.6,0,0
494400.6,0,0
494980.9,0,0
495561.7,0,0
496142.8,0,0
496724.9,0,0
497306.5,0,0
497887.5,0,0
498469.0,0,0
499053.3,0,0
499634.5,0,0
500216.1,0,0
500797.5,0,0
501379.3,0,0
501960.6,0,0
502541.7,0,0
503124.1,0,0
503705.9,0,0
504286.4,0,0
504867.3,0,0
505448.0,0,0
506027.6,0,0
506608.4,0,0
507189.3,0,0
507769.8,0,0
508351.4,0,0
508932.6,0,0
509514.1,0,0
510097.8,0,0
510678.8,0,0
511263.0,0,0
511847.5,0,0
512430.1,0,0
513013.0,0,0
513594.6,0,0
514176.5,0,0
514760.4,0,0
515342.7,0,0
515925.8,0,0
516507.0,0,0
517087.0,0,0
517667.2,0,0
518248.1,0,0
518829.4,0,0
519410.4,0,0
519991.8,0,0
520574.2,0,0
521155.0,0,0
521737.4,0,0
522320.1,0,0
522900.7,0,0
523481.4,0,0
524065.1,0,0
524646.5,0,0
525230.9,0,0
525811.2,0,0
526392.6,0,0
526973.2,0,0
527553.9,0,0
528133.8,0,0
528715.0,0,0
529296.2,0,0
529877.1,0,0
530457.9,0,0
531038.9,0,0
531620.5,0,0
532201.3,0,0
532783.1,0,0
533366.0,0,0
533947.1,0,0
534527.7,0,0
535108.4,0,0
535687.8,0,0
536270.2,0,0
536851.0,0,0
537432.6,0,0
538014.2,0,0
538596.9,0,0
539178.9,0,0
539759.3,0,0
540340.2,0,0
540921.3,0,0
541500.9,0,0
542082.6,0,0
542664.2,0,0
543246.1,0,0
543827.1,0,0
544408.3,0,0
544989.0,0,0
545568.6,0,0
546149.0,0,0
546729.3,0,0
547310.2,0,0
547891.1,0,0
548473.5,0,0
549053.9,0,0
549636.2,0,0
550218.2,0,0
550798.5,0,0
551379.8,0,0
551960.4,0,0
552539.9,0,0
553122.3,0,0
553704.8,0,0
554286.4,0,0
554866.9,0,0
555448.0,0,0
556029.1,0,0
556611.9,0,0
557194.8,0,0
557775.7,0,0
558356.6,0,0
558937.1,0,0
559517.4,0,0
560098.3,0,0
560680.6,0,0
561262.8,0,0
561846.4,0,0
562429.3,0,0
563010.1,0,0
563593.2,0,0
564175.1,0,0
564755.2,0,0
565337.0,0,0
565917.9,0,0
566499.5,0,0
567080.8,0,0
567664.7,0,0
568248.4,0,0
568828.8,0,0
569409.9,0,0
569990.8,0,0
570573.0,0,0
571153.9,0,0
571734.7,0,0
572315.8,0,0
572898.9,0,0
573480.5,0,0
574063.6,0,0
574645.2,0,0
575226.0,0,0
575809.5,0,0
576390.7,0,0
576971.7,0,0
577551.7,0,0
578134.5,0,0
578718.0,0,0
579299.6,0,0
579881.5,0,0
580463.0,0,0
581043.2,0,0
581625.7,0,0
582208.1,0,0
582788.8,0,0
583368.7,0,0
583952.0,0,0
584533.0,0,0
585115.3,0,0
585697.1,0,0
586278.5,0,0
586859.4,0,0
587441.2,0,0
588021.5,0,0
588603.1,0,0
589185.1,0,0
589767.4,0,0
590348.1,0,0
590928.5,0,0
591510.9,0,0
592091.1,0,0
592674.3,0,0
593256.0,0,0
593836.9,0,0
594418.2,0,0
594998.4,0,0
595578.5,0,0
596160.8,0,0
596742.2,0,0
597323.9,0,0
597904.6,0,0
598485.9,0,0
599068.1,0,0
599649.9,0,0
600230.9,0,0
600811.6,0,0
601391.6,0,0
601973.9,0,0
602556.2,0,0
603137.8,0,0
603720.1,0,0
604301.8,0,0
604884.5,0,0
605466.6,0,0
606046.6,0,0
606626.9,0,0
607206.8,0,0
607786.8,0,0
608368.3,0,0
608948.3,0,0
609532.4,0,0
610113.7,0,0
610694.1,0,0
611275.4,0,0
611856.8,0,0
612439.8,0,0
613021.4,0,0
613602.6,0,0
614183.6,0,0
614765.2,0,0
615349.4,0,0
615930.9,0,0
616513.7,0,0
617095.0,0,0
617676.1,0,0
618256.9,0,0
618837.7,0,0
619418.2,0,0
619999.3,0,0
620580.8,0,0
621162.9,0,0
621745.6,0,0
622326.3,0,0
622906.8,0,0
623488.6,0,0
624073.4,0,0
624655.4,0,0
625235.9,0,0
625816.1,0,0
626398.9,0,0
626980.7,0,0
627561.6,0,0
628143.5,0,0
628725.5,0,0
629309.3,0,0
629891.7,0,0
630473.2,0,0
631055.0,0,0
631634.7,0,0
632216.3,0,0
632797.8,0,0
633380.7,0,0
633963.3,0,0
634545.7,0,0
635126.1,0,0
635706.9,0,0
636288.2,0,0
636869.4,0,0
637449.7,0,0
638031.2,0,0
638612.2,0,0
639193.9,0,0
639778.2,0,0
640359.7,0,0
640940.5,0,0
641524.1,0,0
642104.6,0,0
642684.8,0,0
643265.1,0,0
643847.0,0,0
644429.0,0,0
645009.8,0,0
645591.3,0,0
646172.5,0,0
646754.5,0,0
647337.7,0,0
647918.4,0,0
648499.2,0,0
649080.2,0,0
649659.8,0,0
650240.6,0,0
650821.2,0,0
651403.1,0,0
651983.8,0,0
652564.9,0,0
653145.3,0,0
653726.3,0,0
654306.3,0,0
654886.4,0,0
655466.7,0,0
656047.6,0,0
656629.0,0,0
657209.9,0,0
657791.0,0,0
658372.1,0,0
658952.6,0,0
659532.7,0,0
660111.5,0,0
660692.2,0,0
661273.0,0,0
661855.6,0,0
662442.1,0,0
663024.1,0,0
663606.0,0,0
664186.6,0,0
664768.0,0,0
665349.4,0,0
665929.8,0,0
666511.7,0,0
667092.4,0,0
667673.3,0,0
668254.3,0,0
668837.5,0,0
669419.9,0,0
670001.6,0,0
670583.6,0,0
671163.5,0,0
671744.9,0,0
672327.5,0,0
672908.4,0,0
673490.0,0,0
674072.0,0,0
674653.0,0,0
675232.9,0,0
675815.2,0,0
676396.2,0,0
676977.5,0,0
677557.6,0,0
678138.0,0,0
678719.3,0,0
679299.4,0,0
679879.5,0,0
680459.7,0,0
681039.9,0,0
681627.3,0,0
682209.0,0,0
682792.0,0,0
683374.0,0,0
683956.8,0,0
684538.3,0,0
685119.4,0,0
685700.1,0,0
686281.7,0,0
686863.7,0,0
687446.7,0,0
688027.7,0,0
688609.4,0,0
689190.0,0,0
689771.1,0,0
690352.6,0,0
690933.2,0,0
691515.0,0,0
692098.2,0,0
692679.3,0,0
693260.4,0,0
693841.7,0,0
694422.7,0,0
695003.1,0,0
695584.2,0,0
696166.2,0,0
696746.4,0,0
697326.8,0,0
697907.7,0,0
698488.7,0,0
699070.4,0,0
699651.1,0,0
700231.0,0,0
700811.0,0,0
701392.0,0,0
701973.8,0,0
702568.2,0,0
703161.3,0,0
703753.9,0,0
704348.3,0,0
704931.2,0,0
705514.1,0,0
706094.2,0,0
706674.3,0,0
707254.6,0,0
707836.2,0,0
708415.8,0,0
708998.6,0,0
709578.7,0,0
710158.6,0,0
710738.7,0,0
711319.0,0,0
711899.9,0,0
712483.2,0,0
713064.7,0,0
713647.6,0,0
714229.8,0,0
714810.8,0,0
715391.7,0,0
715973.2,0,0
716554.4,0,0
717134.5,0,0
717714.4,0,0
718294.9,0,0
718876.0,0,0
719456.2,0,0
720036.4,0,0
720617.4,0,0
721197.2,0,0
721777.7,0,0
722357.6,0,0
722939.9,0,0
723525.2,0,0
724106.9,0,0
724687.8,0,0
725267.8,0,0
725848.9,0,0
726429.6,0,0
727010.3,0,0
727590.7,0,0
728171.7,0,0
728753.1,0,0
729333.2,0,0
729913.6,0,0
730493.2,0,0
731074.3,0,0
731656.0,0,0
732236.9,0,0
732817.9,0,0
733401.0,0,0
733982.1,0,0
734563.2,0,0
735142.8,0,0
735820.9,0,0
736403.5,0,0
736985.2,0,0
737567.4,0,0
738146.5,0,0
738846.7,0,632448
739442.9,0,843264
740036.7,0,843264
740633.3,5096916,5778774
741227.0,12393126,13171608
741820.8,19658592,20442564
742416.6,26903196,27579564
743012.1,34075332,34849422
743608.3,40520592,41328720
744204.9,45596646,46360854
744805.9,51214014,52001280
745387.5,57945852,58718844
745970.8,64870938,65641734
746561.6,70545402,71334864
747158.2,76031010,76811688
747739.7,81945936,82624500
748322.8,88772202,89549586
748918.9,95383260,96170526
749510.9,100675620,101432142
750098.6,106388514,107169192
750681.3,112736052,113507946
751263.8,119628198,120412170
751862.3,125584848,126383094
752451.2,130898070,131720472
753033.7,136404540,136910718
753614.8,138254670,138254670
754194.9,138254670,138254670
754774.4,138254670,138254670
755353.5,138254670,138254670
755933.9,138254670,138254670
756514.0,138254670,138254670
757092.7,138254670,138254670
757672.0,138254670,138254670
758252.1,138254670,139097934
758834.7,138254670,139097934
759418.2,138254670,139097934
760000.5,139677678,141307110
760580.6,146396340,148032360
761161.3,153200646,154801530
761742.3,160292628,161937432
762326.5,165905604,166748868
762905.7,165905604,166748868
763486.0,165905604,166748868
764067.2,165905604,166748868
764647.4,165905604,166748868
765230.0,165905604,166748868
765810.7,165905604,166748868
766391.3,165905604,166748868
766972.7,165905604,166748868
767552.4,165905604,166748868
768133.5,167128776,168669270
768714.6,174199896,175829328
769296.3,181301760,182907036
769877.6,188399232,190024272
770458.9,193556538,194399802
771041.9,193556538,194399802
771621.2,193556538,194399802
772202.5,193556538,194399802
772781.7,193556538,194399802
773360.4,193556538,194399802
773939.8,193556538,194399802
774520.1,193556538,194399802
775101.0,193556538,194399802
775680.7,193556538,194399802
776260.9,193556538,194399802
776840.9,193556538,194399802
777421.0,193556538,194399802
778002.1,193556538,194399802
778585.0,198979560,200300454
779165.7,206123148,207742698
779746.9,213210738,214822602
780327.5,220311504,221764158
780907.8,221207472,222050736
781487.3,221207472,222050736
782089.5,221207472,222050736
782669.7,221207472,222050736
783249.4,221207472,222050736
783828.6,221207472,222050736
784408.3,221207472,222050736
784988.6,221207472,222050736
785569.9,221207472,222050736
786151.0,221207472,222050736
786730.3,221207472,222050736
787309.0,221207472,222050736
787888.9,221207472,222050736
788469.7,223966746,225510534
789051.7,231047748,232684866
789633.6,237940992,239561640
790213.9,244949526,246566880
790794.3,248858406,249701670
791373.3,248858406,249701670
791954.9,248858406,249701670
792536.7,248858406,249701670
793118.0,248858406,249701670
793697.7,248858406,249701670
794277.7,248858406,249701670
794858.1,248858406,249701670
795438.1,248858406,249701670
796019.5,248858406,249701670
796599.9,248858406,249701670
797179.7,248858406,249701670
797759.2,248858406,249701670
798339.7,248858406,249912486
798921.8,255794472,257383278
799506.8,262589994,264198564
800087.8,269621586,271245528
800669.4,276486282,277714944
801253.4,283344390,284969430
801845.0,288184374,289826982
802430.1,293388894,295011738
803013.0,299299428,300899214
803593.4,304267878,305776530
804176.5,310720824,312361236
804758.5,315405990,317048598
805344.2,320349186,321952266
805926.9,326359638,327993462
806513.7,333302292,334904274
807098.9,339749748,341371494
807682.2,344527146,346135716
808271.9,349636140,351287532
808854.6,355870584,357489036
809437.1,362793474,364439376
810020.1,368775378,370447632
810606.3,373638420,375243696
811196.0,378991170,380619504
811778.9,385329924,386759520
812362.4,387113076,387956340
812944.2,387113076,387956340
813527.3,387113076,387956340
814107.2,387113076,387956340
814686.9,387113076,387956340
815266.9,387113076,387956340
815851.1,391356846,392705190
816448.4,396382392,398038176
817040.0,401223474,402868278
817625.1,407351412,408861162
818206.6,414476334,415909224
818789.4,421440948,423050616
819372.6,426288618,427910364
819954.3,431374554,433006182
820539.0,437031450,438620256
821122.8,443957634,445560714
821706.5,450263448,451906056
822286.7,454984848,456648318
822867.9,460062000,461712294
823455.0,466205310,467843526
824040.6,472838328,474476544
824625.9,478542438,480176262
825217.2,483519672,485127144
825805.1,488857050,490493070
826390.3,495160668,496765944
826971.7,497716812,498560076
827552.4,497716812,498560076
828133.7,497716812,498560076
828714.7,497716812,498560076
829294.4,497716812,498560076
829873.6,497716812,498560076
830452.6,497716812,498560076
831035.6,502175790,503709696
831619.5,509231538,510809364
832201.2,516353166,517966128
832782.9,523323270,524927448
833366.3,530272512,531910728
833950.5,535714200,537386454
834533.8,540581634,542246202
835118.7,545980500,547568208
835699.6,552736494,553860846
836280.4,553018680,553861944
836860.9,553018680,553861944
837441.0,553018680,553861944
838020.2,553018680,553861944
838600.1,553018680,553861944
839179.9,553018680,553861944
839761.2,553018680,553861944
840340.4,553018680,553861944
840920.2,553018680,553861944
841499.9,553018680,553861944
842080.9,553018680,553861944
842662.6,553018680,553861944
843243.4,553018680,553861944
843824.2,553018680,553861944
844405.2,553018680,553861944
844985.8,553018680,553861944
845565.9,553018680,553861944
846146.9,553018680,553861944
846728.5,553018680,553861944
847308.9,553018680,553861944
847889.7,553018680,553861944
848470.3,553018680,553861944
849053.0,553018680,553861944
849637.5,553018680,553861944
850220.2,553018680,553861944
850801.7,553018680,553861944
851382.4,553018680,553861944
851964.0,553018680,553861944
852544.5,553018680,553861944
853127.1,553018680,553861944
853709.7,553018680,553861944
854290.5,553018680,553861944
854871.8,553018680,553861944
855452.8,553018680,553861944
856034.7,553018680,553861944
856615.0,553018680,553861944
857196.1,553018680,553861944
857776.6,553018680,553861944
858358.8,553018680,553861944
858939.5,553018680,553861944
859520.3,553018680,553861944
860101.8,553018680,553861944
860684.0,553018680,553861944
861265.7,553018680,553861944
861846.9,553018680,553861944
862428.9,553018680,553861944
863011.5,553018680,553861944
863593.8,553018680,553861944
864175.9,553018680,553861944
864757.5,553018680,553861944
865338.3,553018680,553861944
865918.7,553018680,553861944
866500.8,553018680,553861944
867083.7,553018680,553861944
867665.6,553018680,553861944
868246.3,553018680,553861944
868827.9,553018680,553861944
869410.0,553018680,553861944
869990.8,553018680,553861944
870572.0,553018680,553861944
871153.8,553018680,553861944
871736.2,553018680,553861944
872317.6,553018680,553861944
872899.1,553018680,553861944
873479.4,553018680,553861944
874061.2,553018680,553861944
874643.2,553018680,553861944
875225.1,553018680,553861944
875805.1,553018680,553861944
876386.2,553018680,553861944
876967.5,553018680,553861944
877548.9,553018680,553861944
878131.1,553018680,553861944
878713.5,553018680,553861944
879294.1,553018680,553861944
879875.3,553018680,553861944
880456.7,553018680,553861944
881036.8,553018680,553861944
881617.3,553018680,553861944
882198.9,553018680,553861944
882780.6,553018680,553861944
883360.8,553018680,553861944
883944.4,553018680,553861944
884526.0,553018680,553861944
885107.6,553018680,553861944
885687.3,553018680,553861944
886267.6,553018680,553861944
886848.5,553018680,553861944
887429.4,553018680,553861944
888010.8,553018680,553861944
888591.7,553018680,553861944
889174.4,553018680,553861944
889756.8,553018680,553861944
890339.0,553018680,553861944
890921.9,553018680,553861944
891502.6,553018680,553861944
892082.5,553018680,553861944
892664.0,553018680,553861944
893245.7,553018680,553861944
893827.3,553018680,553861944
894409.7,553018680,553861944
894991.6,553018680,553861944
895572.5,553018680,553861944
896153.9,553018680,553861944
896735.0,553018680,553861944
897316.2,553018680,553861944
897897.2,553018680,553861944
898479.5,553018680,553861944
899060.2,553018680,553861944
899639.9,553018680,553861944
900222.8,553018680,553861944
900806.1,553018680,553861944
901387.4,553018680,553861944
901968.9,553018680,553861944
902550.0,553018680,553861944
903130.8,553018680,553861944
903712.9,553018680,553861944
904297.0,553018680,553861944
904878.4,553018680,553861944
905459.1,553018680,553861944
906040.7,553018680,553861944
906621.4,553018680,553861944
907204.5,553018680,553861944
907786.5,553018680,553861944
908367.2,553018680,553861944
908948.9,553018680,553861944
909528.7,553018680,553861944
910108.9,553018680,553861944
910689.6,553018680,553861944
911269.2,553018680,553861944
911850.3,553018680,553861944
912433.2,553018680,553861944
913016.0,553018680,553861944
913598.2,553018680,553861944
914181.2,553018680,553861944
914763.5,553018680,553861944
915345.3,553018680,553861944
915926.9,553018680,553861944
916508.7,553018680,553861944
917091.2,553018680,553861944
917671.3,553018680,553861944
918252.9,553018680,553861944
918833.2,553018680,553861944
919414.4,553018680,553861944
919995.9,553018680,553861944
920576.7,553018680,553861944
921157.8,553018680,553861944
921738.6,553018680,553861944
922326.2,553018680,553861944
922909.5,553018680,553861944
923490.9,553018680,553861944
924071.3,553018680,553861944
924652.0,553018680,553861944
925233.7,553018680,553861944
925815.6,553018680,553861944
926397.6,553018680,553861944
926978.7,553018680,553861944
927559.7,553018680,553861944
928141.3,553018680,553861944
928722.7,553018680,553861944
929302.5,553018680,553861944
929883.3,553018680,553861944
930464.5,553018680,553861944
931045.7,553018680,553861944
931626.1,553018680,553861944
932207.5,553018680,553861944
932792.1,553018680,553861944
933374.5,553018680,553861944
933956.2,553018680,553861944
934536.3,553018680,553861944
935116.4,553018680,553861944
935697.3,553018680,553861944
936280.0,553018680,553861944
936861.3,553018680,553861944
937444.0,553018680,553861944
938025.3,553018680,553861944
938606.4,553018680,553861944
939188.2,553018680,553861944
939768.8,553018680,553861944
940348.7,553018680,553861944
940928.6,553018680,553861944
941509.6,553018680,553861944
942090.3,553018680,553861944
942672.6,553018680,553861944
943254.6,553018680,553861944
943835.9,553018680,553861944
944416.5,553018680,553861944
944998.3,553018680,553861944
945579.0,553018680,553861944
946159.0,553018680,553861944
946739.1,553018680,553861944
947319.1,553018680,553861944
947900.0,553018680,553861944
948481.0,553018680,553861944
949062.3,553018680,553861944
949643.2,553018680,553861944
950224.2,553018680,553861944
950804.5,553018680,553861944
951386.7,553018680,553861944
951970.1,553018680,553861944
952551.0,553018680,553861944
953131.5,553018680,553861944
953711.5,553018680,553861944
954293.5,553018680,553861944
954876.4,553018680,553861944
955457.5,553018680,553861944
956039.0,553018680,553861944
956619.7,553018680,553861944
957201.7,553018680,553861944
957782.6,553018680,553861944
958362.9,553018680,553861944
958942.9,553018680,553861944
959524.0,553018680,553861944
960105.6,553018680,553861944
960686.2,553018680,553861944
961267.6,553018680,553861944
961850.5,553018680,553861944
962433.8,553018680,553861944
963016.6,553018680,553861944
963597.8,553018680,553861944
964179.1,553018680,553861944
964763.7,553018680,553861944
965346.6,553018680,553861944
965927.5,553018680,553861944
966508.9,553018680,553861944
967090.2,553018680,553861944
967670.9,553018680,553861944
968251.3,553018680,553861944
968830.6,553018680,553861944
969415.6,553018680,553861944
969998.5,553018680,553861944
970579.5,553018680,553861944
971160.9,553018680,553861944
971741.8,553018680,553861944
972322.8,553018680,553861944
972904.4,553018680,553861944
973486.9,553018680,553861944
974068.6,553018680,553861944
974651.7,553018680,553861944
975232.3,553018680,553861944
975813.4,553018680,553861944
976393.4,553018680,553861944
976975.7,553018680,553861944
977556.3,553018680,553861944
978138.0,553018680,553861944
978719.6,553018680,553861944
979301.1,553018680,553861944
979882.9,553018680,553861944
980462.8,553018680,553861944
981043.4,553018680,553861944
981625.4,553018680,553861944
982205.3,553018680,553861944
982786.6,553018680,553861944
983367.4,553018680,553861944
983948.1,553018680,553861944
984529.1,553018680,553861944
985110.3,553018680,553861944
985691.3,553018680,553861944
986271.1,553018680,553861944
986850.5,553018680,553861944
987430.0,553018680,553861944
988010.8,553018680,553861944
988591.9,553018680,553861944
989173.4,553018680,553861944
989754.1,553018680,553861944
990335.1,553018680,553861944
990915.7,553018680,553861944
991496.8,553018680,553861944
992077.5,553018680,553861944
992658.7,553018680,553861944
993240.8,553018680,553861944
993821.6,553018680,553861944
994402.2,553018680,553861944
994983.1,553018680,553861944
995565.3,553018680,553861944
996146.1,553018680,553861944
996726.8,553018680,553861944
997307.7,553018680,553861944
997892.2,553018680,553861944
998473.3,553018680,553861944
999054.9,553018680,553861944
999635.7,553018680,553861944
1000217.0,553018680,553861944
1000796.4,553018680,553861944
1001379.4,553018680,553861944
1001961.5,553018680,553861944
1002541.7,553018680,553861944
1003122.0,553018680,553861944
1003702.3,553018680,553861944
1004283.7,553018680,553861944
1004865.2,553018680,553861944
1005445.2,553018680,553861944
1006025.6,553018680,553861944
1006608.0,553018680,553861944
1007189.8,553018680,553861944
1007772.6,553018680,553861944
1008353.9,553018680,553861944
1008935.4,553018680,553861944
1009518.1,553018680,553861944
1010099.2,553018680,553861944
1010680.1,553018680,553861944
1011260.2,553018680,553861944
1011843.4,553018680,553861944
1012424.1,553018680,553861944
1013006.8,553018680,553861944
1013589.5,553018680,553861944
1014172.1,553018680,553861944
1014752.9,553018680,553861944
1015333.0,553018680,553861944
1015915.7,553018680,553861944
1016496.6,553018680,553861944
1017078.3,553018680,553861944
1017660.0,553018680,553861944
1018241.5,553018680,553861944
1018822.0,553018680,553861944
1019404.2,553018680,553861944
1019985.1,553018680,553861944
1020565.6,553018680,553861944
1021146.6,553018680,553861944
1021729.7,553018680,553861944
1022311.1,553018680,553861944
1022892.7,553018680,553861944
1023473.1,553018680,553861944
1024053.4,553018680,553861944
1024635.7,553018680,553861944
1025216.6,553018680,553861944
1025796.9,553018680,553861944
1026378.9,553018680,553861944
1026960.5,553018680,553861944
1027541.1,553018680,553861944
1028123.1,553018680,553861944
1028704.1,553018680,553861944
1029284.3,553018680,553861944
1029867.4,553018680,553861944
1030448.8,553018680,553861944
1031029.2,553018680,553861944
1031609.4,553018680,553861944
1032191.9,553018680,553861944
1032772.7,553018680,553861944
1033352.9,553018680,553861944
1033933.9,553018680,553861944
1034515.6,553018680,553861944
1035097.2,553018680,553861944
1035678.3,553018680,553861944
1036259.8,553018680,553861944
1036840.0,553018680,553861944
1037421.1,553018680,553861944
1038001.7,553018680,553861944
1038582.9,553018680,553861944
1039163.5,553018680,553861944
1039745.2,553018680,553861944
1040326.7,553018680,553861944
1040907.3,553018680,553861944
1041488.3,553018680,553861944
1042069.0,553018680,553861944
1042650.4,553018680,553861944
1043231.0,553018680,553861944
1043811.8,553018680,553861944
1044392.5,553018680,553861944
1044974.2,553018680,553861944
1045557.0,553018680,553861944
1046138.3,553018680,553861944
1046719.6,553018680,553861944
1047299.6,553018680,553861944
1047879.4,553018680,553861944
1048458.8,553018680,553861944
1049038.9,553018680,553861944
1049619.0,553018680,553861944
1050199.4,553018680,553861944
1050779.6,553018680,553861944
1051360.3,553018680,553861944
1051942.5,553018680,553861944
1052524.5,553018680,553861944
1053104.5,553018680,553861944
1053684.8,553018680,553861944
1054265.6,553018680,553861944
1054847.2,553018680,553861944
1055428.7,553018680,553861944
1056008.8,553018680,553861944
1056588.9,553018680,553861944
1057169.6,553018680,553861944
1057749.9,553018680,553861944
1058330.6,553018680,553861944
1058913.9,553018680,553861944
1059495.9,553018680,553861944
1060078.1,553018680,553861944
1060658.4,553018680,553861944
1061238.8,553018680,553861944
1061819.5,553018680,553861944
1062400.4,553018680,553861944
1062981.8,553018680,553861944
1063563.8,553018680,553861944
1064146.6,553018680,553861944
1064727.0,553018680,553861944
1065308.2,553018680,553861944
1065888.3,553018680,553861944
1066469.4,553018680,553861944
1067050.0,553018680,553861944
1067630.6,553018680,553861944
1068211.1,553018680,553861944
1068791.9,553018680,553861944
1069373.1,553018680,553861944
1069954.5,553018680,553861944
1070534.5,553018680,553861944
1071116.8,553018680,553861944
1071697.6,553018680,553861944
1072277.2,553018680,553861944
1072858.8,553018680,553861944
1073439.7,553018680,553861944
1074021.1,553018680,553861944
1074602.0,553018680,553861944
1075183.1,553018680,553861944
1075763.6,553018680,553861944
1076345.5,553018680,553861944
1076926.5,553018680,553861944
1077507.4,553018680,553861944
1078087.5,553018680,553861944
1078667.5,553018680,553861944
1079248.8,553018680,553861944
1079828.8,553018680,553861944
1080409.6,553018680,553861944
1080991.8,553018680,553861944
1081572.2,553018680,553861944
1082153.3,553018680,553861944
1082734.1,553018680,553861944
1083313.4,553018680,553861944
1083894.1,553018680,553861944
1084476.2,553018680,553861944
1085058.1,553018680,553861944
1085638.6,553018680,553861944
1086219.6,553018680,553861944
1086800.0,553018680,553861944
1087380.7,553018680,553861944
1087963.6,553018680,553861944
1088543.7,553018680,553861944
1089124.5,553018680,553861944
1089705.1,553018680,553861944
1090287.3,553018680,553861944
1090867.9,553018680,553861944
1091449.6,553018680,553861944
1092030.4,553018680,553861944
1092610.8,553018680,553861944
1093191.7,553018680,553861944
1093772.3,553018680,553861944
1094351.8,553018680,553861944
1094933.2,553018680,553861944
1095515.1,553018680,553861944
1096096.1,553018680,553861944
1096677.7,553018680,553861944
1097259.1,553018680,553861944
1097839.2,553018680,553861944
1098419.5,553018680,553861944
1099000.2,553018680,553861944
1099580.9,553018680,553861944
1100160.6,553018680,553861944
1100740.7,553018680,553861944
1101320.9,553018680,553861944
1101901.6,553018680,553861944
1102482.7,553018680,553861944
1103064.6,553018680,553861944
1103645.8,553018680,553861944
1104226.5,553018680,553861944
1104806.7,553018680,553861944
1105387.1,553018680,553861944
1105967.3,553018680,553861944
1106547.3,553018680,553861944
1107129.4,553018680,553861944
1107710.5,553018680,553861944
1108291.3,553018680,553861944
1108873.1,553018680,553861944
1109454.3,553018680,553861944
1110035.5,553018680,553861944
1110617.2,553018680,553861944
1111198.1,553018680,553861944
1111778.2,553018680,553861944
1112358.0,553018680,553861944
1112940.3,553018680,553861944
1113522.2,553018680,553861944
1114104.6,553018680,553861944
1114685.9,553018680,553861944
1115267.2,553018680,553861944
1115847.4,553018680,553861944
1116429.9,553018680,553861944
1117011.3,553018680,553861944
1117593.7,553018680,553861944
1118173.3,553018680,553861944
1118754.3,553018680,553861944
1119335.9,553018680,553861944
1119916.9,553018680,553861944
1120499.2,553018680,553861944
1121088.3,553018680,553861944
1121668.9,553018680,553861944
1122250.0,553018680,553861944
1122829.9,553018680,553861944
1123410.1,553018680,553861944
1123990.2,553018680,553861944
1124571.7,553018680,553861944
1125152.6,553018680,553861944
1125733.3,553018680,553861944
1126313.8,553018680,553861944
1126893.4,553018680,553861944
1127475.3,553018680,553861944
1128056.5,553018680,553861944
1128638.9,553018680,553861944
1129218.5,553018680,553861944
1129798.4,553018680,553861944
1130378.9,553018680,553861944
1130960.7,553018680,553861944
1131542.5,553018680,553861944
1132123.6,553018680,553861944
1132704.2,553018680,553861944
1133285.0,553018680,553861944
1133865.6,553018680,553861944
1134445.7,553018680,553861944
1135025.7,553018680,553861944
1135606.5,553018680,553861944
1136187.1,553018680,553861944
1136767.6,553018680,553861944
1137348.6,553018680,553861944
1137929.6,553018680,553861944
1138510.1,553018680,553861944
1139091.3,553018680,553861944
1139672.2,553018680,553861944
1140251.9,553018680,553861944
1140832.6,553018680,553861944
1141413.4,553018680,553861944
1141993.6,553018680,553861944
1142575.7,553018680,553861944
1143157.9,553018680,553861944
1143740.0,553018680,553861944
1144321.0,553018680,553861944
1144901.4,553018680,553861944
1145480.5,553018680,553861944
1146062.3,553018680,553861944
1146643.6,553018680,553861944
1147225.2,553018680,553861944
1147805.2,553018680,553861944
1148385.8,553018680,553861944
1148967.9,553018680,553861944
1149554.1,553018680,553861944
1150137.8,553018680,553861944
1150718.7,553018680,553861944
1151299.6,553018680,553861944
1151879.4,553018680,553861944
1152458.7,553018680,553861944
1153039.9,553018680,553861944
1153621.7,553018680,553861944
1154201.9,553018680,553861944
1154783.3,553018680,553861944
1155364.1,553018680,553861944
1155945.3,553018680,553861944
1156527.6,553018680,553861944
1157107.3,553018680,553861944
1157687.6,553018680,553861944
1158267.2,553018680,553861944
1158847.8,553018680,553861944
1159428.7,553018680,553861944
1160009.1,553018680,553861944
1160589.7,553018680,553861944
1161172.2,553018680,553861944
1161752.1,553018680,553861944
1162332.9,553018680,553861944
1162915.5,553018680,553861944
1163497.5,553018680,553861944
1164080.6,553018680,553861944
1164662.1,553018680,553861944
1165243.6,553018680,553861944
1165824.4,553018680,553861944
1166405.6,553018680,553861944
1166986.5,553018680,553861944
1167566.0,553018680,553861944
1168148.0,553018680,553861944
1168730.3,553018680,553861944
1169310.5,553018680,553861944
1169891.7,553018680,553861944
1170502.1,553018680,553861944
1171096.8,553018680,553861944
1171690.9,553018680,553861944
1172282.5,553018680,553861944
1172873.9,553018680,553861944
1173465.7,553018680,553861944
1174057.2,553018680,553861944
1174650.1,553018680,553861944
1175241.9,553018680,553861944
1175832.7,553018680,553861944
1176413.3,553018680,553861944
1176994.2,553018680,553861944
1177574.9,553018680,553861944
1178155.3,553018680,553861944
1178735.9,553018680,553861944
1179317.2,553018680,553861944
1179899.2,553018680,553861944
1180479.7,553018680,553861944
1181061.0,553018680,553861944
1181641.0,553018680,553861944
1182222.0,553018680,553861944
1182803.5,553018680,553861944
1183384.0,553018680,553861944
1183965.2,553018680,553861944
1184546.7,553018680,553861944
1185128.2,553018680,553861944
1185709.5,553018680,553861944
1186290.7,553018680,553861944
1186870.8,553018680,553861944
1187450.9,553018680,553861944
1188031.5,553018680,553861944
1188613.4,553018680,553861944
1189196.0,553018680,553861944
1189775.7,553018680,553861944
1190356.7,553018680,553861944
1190937.3,553018680,553861944
1191519.0,553018680,553861944
1192103.0,553018680,553861944
1192683.5,553018680,553861944
1193264.4,553018680,553861944
1193845.1,553018680,553861944
1194427.8,553018680,553861944
1195009.6,553018680,553861944
1195590.5,553018680,553861944
1196171.3,553018680,553861944
1196752.6,553018680,553861944
1197334.8,553018680,553861944
1197916.1,553018680,553861944
1198496.0,553018680,553861944
1199077.5,553018680,553861944
1199657.9,553018680,553861944
1200239.4,553018680,553861944
1200820.1,553018680,553861944
1201401.3,553018680,553861944
1201981.2,553018680,553861944
1202561.7,553018680,553861944
1203147.3,553018680,553861944
1203727.4,553018680,553861944
1204306.8,553018680,553861944
1204887.9,553018680,553861944
1205469.1,553018680,553861944
1206049.7,553018680,553861944
1206630.0,553018680,553861944
1207210.2,553018680,553861944
1207791.5,553018680,553861944
1208373.5,553018680,553861944
1208954.3,553018680,553861944
1209534.2,553018680,553861944
1210117.3,553018680,553861944
1210698.3,553018680,553861944
1211278.9,553018680,553861944
1211860.0,553018680,553861944
1212441.6,553018680,553861944
1213024.0,553018680,553861944
1213605.1,553018680,553861944
1214186.5,553018680,553861944
1214768.9,553018680,553861944
1215350.1,553018680,553861944
1215931.0,553018680,553861944
1216512.2,553018680,553861944
1217094.8,553018680,553861944
1217677.9,553018680,553861944
1218258.3,553018680,553861944
1218838.9,553018680,553861944
1219419.4,553018680,553861944
1220005.7,553018680,553861944
1220585.8,553018680,553861944
1221165.2,553018680,553861944
1221746.2,553018680,553861944
1222327.4,553018680,553861944
1222908.2,553018680,553861944
1223490.8,553018680,553861944
1224070.8,553018680,553861944
1224651.2,553018680,553861944
1225232.1,553018680,553861944
1225812.1,553018680,553861944
1226393.0,553018680,553861944
1226974.2,553018680,553861944
1227555.1,553018680,553861944
1228135.9,553018680,553861944
1228716.9,553018680,553861944
1229298.6,553018680,553861944
1229878.6,553018680,553861944
1230459.3,553018680,553861944
1231039.2,553018680,553861944
1231619.2,553018680,553861944
1232202.2,553018680,553861944
1232781.9,553018680,553861944
1233362.3,553018680,553861944
1233942.3,553018680,553861944
1234523.3,553018680,553861944
1235103.3,553018680,553861944
1235683.5,553018680,553861944
1236263.8,553018680,553861944
1236844.9,553018680,553861944
1237426.8,553018680,553861944
1238007.4,553018680,553861944
1238586.5,553018680,553861944
1239167.1,553018680,553861944
1239748.6,553018680,553861944
1240331.0,553018680,553861944
1240910.8,553018680,553861944
1241492.1,553018680,553861944
1242072.2,553018680,553861944
1242652.4,553018680,553861944
1243236.3,553018680,553861944
1243816.5,553018680,553861944
1244397.5,553018680,553861944
1244978.6,553018680,553861944
1245559.3,553018680,553861944
1246139.6,553018680,553861944
1246721.5,553018680,553861944
1247302.9,553018680,553861944
1247883.1,553018680,553861944
1248463.5,553018680,553861944
1249044.5,553018680,553861944
1249623.8,553018680,553861944
1250204.8,553018680,553861944
1250787.3,553018680,553861944
1251367.4,553018680,553861944
1251946.9,553018680,553861944
1252528.1,553018680,553861944
1253109.2,553018680,553861944
1253691.0,553018680,553861944
1254273.4,553018680,553861944
1254853.4,553018680,553861944
1255433.5,553018680,553861944
1256013.3,553018680,553861944
1256595.7,553018680,553861944
1257177.5,553018680,553861944
1257757.9,553018680,553861944
1258338.4,553018680,553861944
1258918.7,553018680,553861944
1259500.3,553018680,553861944
1260080.9,553018680,553861944
1260660.5,553018680,553861944
1261240.0,553018680,553861944
1261819.9,553018680,553861944
1262400.3,553018680,553861944
1262982.0,553018680,553861944
1263566.0,553018680,553861944
1264146.2,553018680,553861944
1264727.9,553018680,553861944
1265308.8,553018680,553861944
1265889.0,553018680,553861944
1266469.6,553018680,553861944
1267049.9,553018680,553861944
1267630.4,553018680,553861944
1268210.8,553018680,553861944
1268792.1,553018680,553861944
1269374.6,553018680,553861944
1269955.9,553018680,553861944
1270536.6,553018680,553861944
1271117.9,553018680,553861944
1271699.1,553018680,553861944
1272279.5,553018680,553861944
1272859.9,553018680,553861944
1273443.9,553018680,553861944
1274025.1,553018680,553861944
1274606.7,553018680,553861944
1275187.1,553018680,553861944
1275767.0,553018680,553861944
1276346.6,553018680,553861944
1276926.3,553018680,553861944
1277507.6,553018680,553861944
1278089.1,553018680,553861944
1278669.9,553018680,553861944
1279249.7,553018680,553861944
1279832.2,553018680,553861944
1280412.5,553018680,553861944
1280992.5,553018680,553861944
1281572.8,553018680,553861944
1282154.1,553018680,553861944
1282735.4,553018680,553861944
1283317.4,553018680,553861944
1283897.9,553018680,553861944
1284481.2,553018680,553861944
1285061.7,553018680,553861944
1285642.3,553018680,553861944
1286224.7,553018680,553861944
1286807.0,553018680,553861944
1287389.0,553018680,553861944
1287968.8,553018680,553861944
1288549.0,553018680,553861944
1289129.6,553018680,553861944
1289710.2,553018680,553861944
1290292.8,553018680,553861944
1290872.8,553018680,553861944
1291455.5,553018680,553861944
1292036.4,553018680,553861944
1292618.1,553018680,553861944
1293200.0,553018680,553861944
1293781.8,553018680,553861944
1294366.2,553018680,553861944
1294948.3,553018680,553861944
1295529.3,553018680,553861944
1296109.8,553018680,553861944
1296690.9,553018680,553861944
1297271.8,553018680,553861944
1297851.5,553018680,553861944
1298433.0,553018680,553861944
1299014.3,553018680,553861944
1299595.8,553018680,553861944
1300176.4,553018680,553861944
1300757.1,553018680,553861944
1301338.7,553018680,553861944
1301919.8,553018680,553861944
1302500.1,553018680,553861944
1303081.8,553018680,553861944
1303662.7,553018680,553861944
1304243.0,553018680,553861944
1304823.5,553018680,553861944
1305405.9,553018680,553861944
1305987.3,553018680,553861944
1306568.3,553018680,553861944
1307148.6,553018680,553861944
1307729.1,553018680,553861944
1308313.7,553018680,553861944
1308893.9,553018680,553861944
1309474.0,553018680,553861944
1310054.5,553018680,553861944
1310636.2,553018680,553861944
1311217.2,553018680,553861944
1311798.9,553018680,553861944
1312380.0,553018680,553861944
1312960.7,553018680,553861944
1313546.5,553018680,553861944
1314127.7,553018680,553861944
1314708.5,553018680,553861944
1315289.4,553018680,553861944
1315870.5,553018680,553861944
1316452.5,553018680,553861944
1317033.3,553018680,553861944
1317614.7,553018680,553861944
1318194.8,553018680,553861944
1318775.9,553018680,553861944
1319360.0,553018680,553861944
1319940.1,553018680,553861944
1320521.1,553018680,553861944
1321101.8,553018680,553861944
1321682.6,553018680,553861944
1322263.7,553018680,553861944
1322845.5,553018680,553861944
1323427.9,553018680,553861944
1324008.6,553018680,553861944
1324590.7,553018680,553861944
1325171.5,553018680,553861944
1325753.0,553018680,553861944
1326334.5,553018680,553861944
1326914.9,553018680,553861944
1327496.2,553018680,553861944
1328076.6,553018680,553861944
1328657.3,553018680,553861944
1329237.4,553018680,553861944
1329817.2,553018680,553861944
1330397.5,553018680,553861944
1330977.3,553018680,553861944
1331556.9,553018680,553861944
1332138.4,553018680,553861944
1332719.2,553018680,553861944
1333300.0,553018680,553861944
1333880.9,553018680,553861944
1334463.5,553018680,553861944
1335044.7,553018680,553861944
1335625.7,553018680,553861944
1336206.4,553018680,553861944
1336786.6,553018680,553861944
1337366.3,553018680,553861944
1337946.1,553018680,553861944
1338527.0,553018680,553861944
1339106.8,553018680,553861944
1339688.3,553018680,553861944
1340268.7,553018680,553861944
1340849.1,553018680,553861944
1341435.5,553018680,553861944
1342017.4,553018680,553861944
1342597.1,553018680,553861944
1343179.0,553018680,553861944
1343760.2,553018680,553861944
1344341.0,553018680,553861944
1344921.6,553018680,553861944
1345503.2,553018680,553861944
1346085.0,553018680,553861944
1346665.1,553018680,553861944
1347244.8,553018680,553861944
1347825.3,553018680,553861944
1348405.1,553018680,553861944
1348985.1,553018680,553861944
1349564.8,553018680,553861944
1350145.2,553018680,553861944
1350726.7,553018680,553861944
1351306.2,553018680,553861944
1351887.6,553018680,553861944
1352469.2,553018680,553861944
1353049.4,553018680,553861944
1353632.7,553018680,553861944
1354212.6,553018680,553861944
1354792.5,553018680,553861944
1355373.9,553018680,553861944
1355954.1,553018680,553861944
1356535.8,553018680,553861944
1357115.9,553018680,553861944
1357696.9,553018680,553861944
1358277.2,553018680,553861944
1358858.6,553018680,553861944
1359440.3,553018680,553861944
1360021.8,553018680,553861944
1360601.9,553018680,553861944
1361182.1,553018680,553861944
1361762.3,553018680,553861944
1362343.0,553018680,553861944
1362925.1,553018680,553861944
1363509.4,553018680,553861944
1364089.6,553018680,553861944
1364673.8,553018680,553861944
1365255.1,553018680,553861944
1365835.9,553018680,553861944
1366416.4,553018680,553861944
1366996.8,553018680,553861944
1367578.1,553018680,553861944
1368161.5,553018680,553861944
1368742.6,553018680,553861944
1369323.1,553018680,553861944
1369903.5,553018680,553861944
1370486.1,553018680,553861944
1371068.9,553018680,553861944
1371649.4,553018680,553861944
1372229.0,553018680,553861944
1372809.7,553018680,553861944
1373391.0,553018680,553861944
1373974.9,553018680,553861944
1374557.9,553018680,553861944
1375137.8,553018680,553861944
1375721.3,553018680,553861944
1376301.4,553018680,553861944
1376883.9,553018680,553861944
1377465.5,553018680,553861944
1378045.5,553018680,553861944
1378625.4,553018680,553861944
1379207.2,553018680,553861944
1379788.4,553018680,553861944
1380370.2,553018680,553861944
1380951.2,553018680,553861944
1381532.1,553018680,553861944
1382113.5,553018680,553861944
1382694.0,553018680,553861944
1383274.9,553018680,553861944
1383854.9,553018680,553861944
1384436.8,553018680,553861944
1385019.9,553018680,553861944
1385602.4,553018680,553861944
1386182.6,553018680,553861944
1386764.5,553018680,553861944
1387344.6,553018680,553861944
1387924.5,553018680,553861944
1388505.4,553018680,553861944
1389086.7,553018680,553861944
1389668.6,553018680,553861944
1390248.8,553018680,553861944
1390829.3,553018680,553861944
1391409.3,553018680,553861944
1391990.3,553018680,553861944
1392571.5,553018680,553861944
1393151.2,553018680,553861944
1393733.7,553018680,553861944
1394315.7,553018680,553861944
1394896.8,553018680,553861944
1395476.9,553018680,553861944
1396056.8,553018680,553861944
1396639.0,553018680,553861944
1397220.3,553018680,553861944
1397801.1,553018680,553861944
1398381.7,553018680,553861944
1398962.6,553018680,553861944
1399543.0,553018680,553861944
1400122.9,553018680,553861944
1400703.6,553018680,553861944
1401283.5,553018680,553861944
1401863.7,553018680,553861944
1402443.7,553018680,553861944
1403026.0,553018680,553861944
1403607.0,553018680,553861944
1404187.4,553018680,553861944
1404769.1,553018680,553861944
1405349.0,553018680,553861944
1405931.1,553018680,553861944
1406512.4,553018680,553861944
1407095.0,553018680,553861944
1407675.4,553018680,553861944
1408255.7,553018680,553861944
1408837.6,553018680,553861944
1409418.2,553018680,553861944
1410001.9,553018680,553861944
1410585.2,553018680,553861944
1411165.8,553018680,553861944
1411747.0,553018680,553861944
1412327.4,553018680,553861944
1412908.7,553018680,553861944
1413491.9,553018680,553861944
1414073.8,553018680,553861944
1414655.0,553018680,553861944
1415235.4,553018680,553861944
1415817.3,553018680,553861944
1416397.1,553018680,553861944
1416977.5,553018680,553861944
1417558.8,553018680,553861944
1418139.7,553018680,553861944
1418722.8,553018680,553861944
1419303.7,553018680,553861944
1419883.8,553018680,553861944
1420464.7,553018680,553861944
1421045.8,553018680,553861944
1421627.0,553018680,553861944
1422206.5,553018680,553861944
1422788.8,553018680,553861944
1423370.3,553018680,553861944
1423951.3,553018680,553861944
1424530.9,553018680,553861944
1425110.7,553018680,553861944
1425691.7,553018680,553861944
1426273.5,553018680,553861944
1426853.9,553018680,553861944
1427434.8,553018680,553861944
1428015.9,553018680,553861944
1428596.3,553018680,553861944
1429177.5,553018680,553861944
1429758.1,553018680,553861944
1430338.6,553018680,553861944
1430918.3,553018680,553861944
1431498.4,553018680,553861944
1432079.9,553018680,553861944
1432661.0,553018680,553861944
1433241.7,553018680,553861944
1433822.6,553018680,553861944
1434403.3,553018680,553861944
1434986.4,553018680,553861944
1435566.6,553018680,553861944
1436145.9,553018680,553861944
1436726.2,553018680,553861944
1437306.6,553018680,553861944
1437886.8,553018680,553861944
1438466.8,553018680,553861944
1439047.5,553018680,553861944
1439628.7,553018680,553861944
1440209.4,553018680,553861944
1440790.9,553018680,553861944
1441371.7,553018680,553861944
1441952.7,553018680,553861944
1442532.8,553018680,553861944
1443113.6,553018680,553861944
1443694.7,553018680,553861944
1444275.7,553018680,553861944
1444859.1,553018680,553861944
1445439.9,553018680,553861944
1446022.9,553018680,553861944
1446604.8,553018680,553861944
1447185.0,553018680,553861944
1447765.5,553018680,553861944
1448345.3,553018680,553861944
1448925.2,553018680,553861944
1449505.2,553018680,553861944
1450085.7,553018680,553861944
1450665.9,553018680,553861944
1451246.7,553018680,553861944
1451827.4,553018680,553861944
1452408.1,553018680,553861944
1452988.9,553018680,553861944
1453568.9,553018680,553861944
1454149.0,553018680,553861944
1454728.2,553018680,553861944
1455308.6,553018680,553861944
1455889.2,553018680,553861944
1456469.9,553018680,553861944
1457051.3,553018680,553861944
1457632.6,553018680,553861944
1458213.1,553018680,553861944
1458794.3,553018680,553861944
1459374.6,553018680,553861944
1459955.1,553018680,553861944
1460535.1,553018680,553861944
1461116.9,553018680,553861944
1461698.8,553018680,553861944
1462278.7,553018680,553861944
1462859.9,553018680,553861944
1463440.9,553018680,553861944
1464022.8,553018680,553861944
1464602.8,553018680,553861944
1465183.7,553018680,553861944
1465764.0,553018680,553861944
1466345.6,553018680,553861944
1466927.7,553018680,553861944
1467508.7,553018680,553861944
1468091.3,553018680,553861944
1468673.3,553018680,553861944
1469254.2,553018680,553861944
1469835.5,553018680,553861944
1470415.2,553018680,553861944
1470996.1,553018680,553861944
1471576.6,553018680,553861944
1472158.8,553018680,553861944
1472739.4,553018680,553861944
1473320.0,553018680,553861944
1473900.7,553018680,553861944
1474481.1,553018680,553861944
1475065.1,553018680,553861944
1475644.8,553018680,553861944
1476226.2,553018680,553861944
1476808.1,553018680,553861944
1477387.9,553018680,553861944
1477968.1,553018680,553861944
1478548.2,553018680,553861944
1479128.8,553018680,553861944
1479709.4,553018680,553861944
1480290.3,553018680,553861944
1480871.5,553018680,553861944
1481452.8,553018680,553861944
1482033.8,553018680,553861944
1482614.8,553018680,553861944
1483195.1,553018680,553861944
1483776.0,553018680,553861944
1484356.3,553018680,553861944
1484938.8,553018680,553861944
1485520.1,553018680,553861944
1486100.2,553018680,553861944
1486680.6,553018680,553861944
1487260.8,553018680,553861944
1487841.8,553018680,553861944
1488422.2,553018680,553861944
1489001.8,553018680,553861944
1489582.5,553018680,553861944
1490163.1,553018680,553861944
1490744.2,553018680,553861944
1491325.5,553018680,553861944
1491906.5,553018680,553861944
1492486.9,553018680,553861944
1493067.7,553018680,553861944
1493647.2,553018680,553861944
1494228.1,553018680,553861944
1494809.1,553018680,553861944
1495390.1,553018680,553861944
1495971.2,553018680,553861944
1496550.9,553018680,553861944
1497132.3,553018680,553861944
1497712.8,553018680,553861944
1498293.7,553018680,553861944
1498874.4,553018680,553861944
1499454.9,553018680,553861944
1500034.7,553018680,553861944
1500617.7,553018680,553861944
1501198.4,553018680,553861944
1501779.3,553018680,553861944
1502360.1,553018680,553861944
1502941.4,553018680,553861944
1503522.1,553018680,553861944
1504102.1,553018680,553861944
1504682.8,553018680,553861944
1505265.2,553018680,553861944
1505847.0,553018680,553861944
1506428.2,553018680,553861944
1507009.0,553018680,553861944
1507590.9,553018680,553861944
1508170.8,553018680,553861944
1508751.2,553018680,553861944
1509331.5,553018680,553861944
1509913.6,553018680,553861944
1510494.4,553018680,553861944
1511074.5,553018680,553861944
1511654.1,553018680,553861944
1512236.4,553018680,553861944
1512817.8,553018680,553861944
1513399.9,553018680,553861944
1513981.8,553018680,553861944
1514563.3,553018680,553861944
1515145.7,553018680,553861944
1515727.3,553018680,553861944
1516307.7,553018680,553861944
1516888.9,553018680,553861944
1517472.3,553018680,553861944
1518052.4,553018680,553861944
1518632.8,553018680,553861944
1519213.3,553018680,553861944
1519794.2,553018680,553861944
1520374.5,553018680,553861944
1520955.0,553018680,553861944
1521535.1,553018680,553861944
1522115.7,553018680,553861944
1522695.1,553018680,553861944
1523275.0,553018680,553861944
1523854.7,553018680,553861944
1524434.8,553018680,553861944
1525016.4,553018680,553861944
1525597.0,553018680,553861944
1526178.2,553018680,553861944
1526759.2,553018680,553861944
1527340.5,553018680,553861944
1527921.8,553018680,553861944
1528503.1,553018680,553861944
1529083.6,553018680,553861944
1529667.8,553018680,553861944
1530247.9,553018680,553861944
1530830.1,553018680,553861944
1531411.2,553018680,553861944
1531991.8,553018680,553861944
1532572.3,553018680,553861944
1533152.6,553018680,553861944
1533732.2,553018680,553861944
1534313.3,553018680,553861944
1534894.7,553018680,553861944
1535475.4,553018680,553861944
1536056.6,553018680,553861944
1536636.3,553018680,553861944
1537219.7,553018680,553861944
1537802.3,553018680,553861944
1538382.8,553018680,553861944
1538964.1,553018680,553861944
1539544.8,553018680,553861944
1540125.8,553018680,553861944
1540707.2,553018680,553861944
1541288.9,553018680,553861944
1541869.1,553018680,553861944
1542450.0,553018680,553861944
1543031.1,553018680,553861944
1543613.7,553018680,553861944
1544196.7,553018680,553861944
1544777.4,553018680,553861944
1545358.5,553018680,553861944
1545939.9,553018680,553861944
1546521.8,553018680,553861944
1547103.5,553018680,553861944
1547683.1,553018680,553861944
1548263.3,553018680,553861944
1548843.3,553018680,553861944
1549423.3,553018680,553861944
1550004.1,553018680,553861944
1550584.6,553018680,553861944
1551165.7,553018680,553861944
1551746.3,553018680,553861944
1552326.8,553018680,553861944
1552908.7,553018680,553861944
1553489.7,553018680,553861944
1554070.1,553018680,553861944
1554651.9,553018680,553861944
1555234.0,553018680,553861944
1555813.8,553018680,553861944
1556396.5,553018680,553861944
1556977.2,553018680,553861944
1557557.7,553018680,553861944
1558139.5,553018680,553861944
1558719.6,553018680,553861944
1559299.7,553018680,553861944
1559879.8,553018680,553861944
1560459.8,553018680,553861944
1561040.8,553018680,553861944
1561621.1,553018680,553861944
1562202.0,553018680,553861944
1562782.2,553018680,553861944
1563364.5,553018680,553861944
1563948.4,553018680,553861944
1564530.9,553018680,553861944
1565112.5,553018680,553861944
1565693.5,553018680,553861944
1566276.3,553018680,553861944
1566858.3,553018680,553861944
1567440.3,553018680,553861944
1568020.1,553018680,553861944
1568601.4,553018680,553861944
1569183.1,553018680,553861944
1569764.7,553018680,553861944
1570345.6,553018680,553861944
1570926.5,553018680,553861944
1571506.9,553018680,553861944
1572088.1,553018680,553861944
1572670.3,553018680,553861944
1573252.5,553018680,553861944
1573832.7,553018680,553861944
1574412.9,553018680,553861944
1574993.4,553018680,553861944
1575573.5,553018680,553861944
1576154.6,553018680,553861944
1576734.5,553018680,553861944
1577315.0,553018680,553861944
1577895.6,553018680,553861944
1578475.2,553018680,553861944
1579054.6,553018680,553861944
1579635.2,553018680,553861944
1580216.5,553018680,553861944
1580797.7,553018680,553861944
1581379.4,553018680,553861944
1581963.4,553018680,553861944
1582543.4,553018680,553861944
1583123.6,553018680,553861944
1583704.6,553018680,553861944
1584285.9,553018680,553861944
1584865.5,553018680,553861944
1585446.7,553018680,553861944
1586028.0,553018680,553861944
1586610.0,553018680,553861944
1587190.7,553018680,553861944
1587772.4,553018680,553861944
1588352.7,553018680,553861944
1588933.6,553018680,553861944
1589514.0,553018680,553861944
1590094.3,553018680,553861944
1590675.3,553018680,553861944
1591256.7,553018680,553861944
1591838.3,553018680,553861944
1592418.6,553018680,553861944
1592999.3,553018680,553861944
1593580.2,553018680,553861944
1594161.9,553018680,553861944
1594743.6,553018680,553861944
1595324.7,553018680,553861944
1595904.6,553018680,553861944
1596487.7,553018680,553861944
1597068.4,553018680,553861944
1597649.4,553018680,553861944
1598229.8,553018680,553861944
1598811.6,553018680,553861944
1599394.3,553018680,553861944
1599974.7,553018680,553861944
1600555.7,553018680,553861944
1601135.8,553018680,553861944
1601716.1,553018680,553861944
1602297.7,553018680,553861944
1602879.9,553018680,553861944
1603460.0,553018680,553861944
1604041.3,553018680,553861944
1604621.1,553018680,553861944
1605201.9,553018680,553861944
1605786.3,553018680,553861944
1606367.9,553018680,553861944
1606947.4,553018680,553861944
1607530.5,553018680,553861944
1608112.1,553018680,553861944
1608692.8,553018680,553861944
1609274.8,553018680,553861944
1609855.5,553018680,553861944
1610436.6,553018680,553861944
1611018.8,553018680,553861944
1611601.9,553018680,553861944
1612182.7,553018680,553861944
1612762.9,553018680,553861944
1613344.1,553018680,553861944
1613925.9,553018680,553861944
1614507.3,553018680,553861944
1615089.6,553018680,553861944
1615670.3,553018680,553861944
1616251.1,553018680,553861944
1616834.5,553018680,553861944
1617415.4,553018680,553861944
1617995.7,553018680,553861944
1618576.4,553018680,553861944
1619158.1,553018680,553861944
1619739.0,553018680,553861944
1620321.0,553018680,553861944
1620902.4,553018680,553861944
1621482.8,553018680,553861944
1622062.9,553018680,553861944
1622641.6,553018680,553861944
1623222.3,553018680,553861944
1623803.0,553018680,553861944
1624383.7,553018680,553861944
1624964.1,553018680,553861944
1625545.6,553018680,553861944
1626127.7,553018680,553861944
1626709.5,553018680,553861944
1627291.2,553018680,553861944
1627871.3,553018680,553861944
1628450.5,553018680,553861944
1629030.7,553018680,553861944
1629611.5,553018680,553861944
1630192.1,553018680,553861944
1630773.1,553018680,553861944
1631355.4,553018680,553861944
1631936.2,553018680,553861944
1632517.7,553018680,553861944
1633098.8,553018680,553861944
1633688.0,553018680,553861944
1634268.5,553018680,553861944
1634849.0,553018680,553861944
1635430.1,553018680,553861944
1636010.7,553018680,553861944
1636593.9,553018680,553861944
1637175.3,553018680,553861944
1637757.8,553018680,553861944
1638338.3,553018680,553861944
1638919.3,553018680,553861944
1639499.3,553018680,553861944
1640080.2,553018680,553861944
1640660.7,553018680,553861944
1641244.7,553018680,553861944
1641825.7,553018680,553861944
1642408.0,553018680,553861944
1642989.4,553018680,553861944
1643569.9,553018680,553861944
1644150.4,553018680,553861944
1644730.6,553018680,553861944
1645311.2,553018680,553861944
1645892.1,553018680,553861944
1646472.6,553018680,553861944
1647053.9,553018680,553861944
1647636.4,553018680,553861944
1648216.9,553018680,553861944
1648796.7,553018680,553861944
1649377.2,553018680,553861944
1649959.1,553018680,553861944
1650541.4,553018680,553861944
1651122.1,553018680,553861944
1651702.0,553018680,553861944
1652282.3,553018680,553861944
1652864.9,553018680,553861944
1653445.8,553018680,553861944
1654026.5,553018680,553861944
1654606.5,553018680,553861944
1655187.2,553018680,553861944
1655767.9,553018680,553861944
1656347.7,553018680,553861944
1656928.6,553018680,553861944
1657509.8,553018680,553861944
1658090.8,553018680,553861944
1658672.7,553018680,553861944
1659253.0,553018680,553861944
1659833.3,553018680,553861944
1660414.8,553018680,553861944
1660996.2,553018680,553861944
1661576.3,553018680,553861944
1662156.4,553018680,553861944
1662737.1,553018680,553861944
1663317.5,553018680,553861944
1663900.5,553018680,553861944
1664482.7,553018680,553861944
1665063.5,553018680,553861944
1665644.5,553018680,553861944
1666226.2,553018680,553861944
1666810.6,553018680,553861944
1667392.7,553018680,553861944
1667974.1,553018680,553861944
1668554.6,553018680,553861944
1669135.0,553018680,553861944
1669715.0,553018680,553861944
1670296.4,553018680,553861944
1670877.0,553018680,553861944
1671458.3,553018680,553861944
1672039.7,553018680,553861944
1672621.1,553018680,553861944
1673202.1,553018680,553861944
1673782.6,553018680,553861944
1674363.7,553018680,553861944
1674944.6,553018680,553861944
1675525.9,553018680,553861944
1676106.5,553018680,553861944
1676687.1,553018680,553861944
1677267.6,553018680,553861944
1677850.4,553018680,553861944
1678432.2,553018680,553861944
1679013.1,553018680,553861944
1679594.9,553018680,553861944
1680175.3,553018680,553861944
1680755.5,553018680,553861944
1681335.5,553018680,553861944
1681915.6,553018680,553861944
1682495.3,553018680,553861944
1683076.7,553018680,553861944
1683657.3,553018680,553861944
1684237.8,553018680,553861944
1684820.0,553018680,553861944
1685402.1,553018680,553861944
1685987.3,553018680,553861944
1686570.0,553018680,553861944
1687150.8,553018680,553861944
1687731.5,553018680,553861944
1688311.9,553018680,553861944
1688893.8,553018680,553861944
1689474.6,553018680,553861944
1690055.8,553018680,553861944
1690636.5,553018680,553861944
1691217.7,553018680,553861944
1691798.3,553018680,553861944
1692379.0,553018680,553861944
1692959.3,553018680,553861944
1693538.8,553018680,553861944
1694119.3,553018680,553861944
1694700.6,553018680,553861944
1695282.5,553018680,553861944
1695864.1,553018680,553861944
1696445.0,553018680,553861944
1697025.9,553018680,553861944
1697606.9,553018680,553861944
1698187.9,553018680,553861944
1698769.7,553018680,553861944
1699350.8,553018680,553861944
1699931.4,553018680,553861944
1700512.1,553018680,553861944
1701093.5,553018680,553861944
1701673.9,553018680,553861944
1702254.3,553018680,553861944
1702833.9,553018680,553861944
1703413.9,553018680,553861944
1703994.0,553018680,553861944
1704573.7,553018680,553861944
1705154.6,553018680,553861944
1705735.8,553018680,553861944
1706316.8,553018680,553861944
1706896.8,553018680,553861944
1707478.9,553018680,553861944
1708062.7,553018680,553861944
1708642.9,553018680,553861944
1709223.9,553018680,553861944
1709804.2,553018680,553861944
1710384.1,553018680,553861944
1710963.3,553018680,553861944
1711543.6,553018680,553861944
1712124.8,553018680,553861944
1712704.8,553018680,553861944
1713285.1,553018680,553861944
1713866.9,553018680,553861944
1714447.7,553018680,553861944
1715032.5,553018680,553861944
1715614.8,553018680,553861944
1716199.6,553018680,553861944
1716780.0,553018680,553861944
1717359.8,553018680,553861944
1717942.8,553018680,553861944
1718523.8,553018680,553861944
1719106.5,553018680,553861944
1719688.4,553018680,553861944
1720268.9,553018680,553861944
1720849.2,553018680,553861944
1721430.1,553018680,553861944
1722010.1,553018680,553861944
1722589.9,553018680,553861944
1723169.7,553018680,553861944
1723750.3,553018680,553861944
1724330.7,553018680,553861944
1724911.4,553018680,553861944
1725492.9,553018680,553861944
1726074.1,553018680,553861944
1726655.6,553018680,553861944
1727238.0,553018680,553861944
1727818.6,553018680,553861944
1728399.0,553018680,553861944
1728984.8,553018680,553861944
1729566.4,553018680,553861944
1730148.6,553018680,553861944
1730729.0,553018680,553861944
1731309.9,553018680,553861944
1731890.0,553018680,553861944
1732470.1,553018680,553861944
1733049.8,553018680,553861944
1733631.0,553018680,553861944
1734212.7,553018680,553861944
1734793.6,553018680,553861944
1735374.1,553018680,553861944
1735954.4,553018680,553861944
1736536.5,553018680,553861944
1737117.7,553018680,553861944
1737697.7,553018680,553861944
1738278.2,553018680,553861944
1738858.2,553018680,553861944
1739437.8,553018680,553861944
1740017.7,553018680,553861944
1740598.2,553018680,553861944
1741180.2,553018680,553861944
1741760.6,553018680,553861944
1742340.9,553018680,553861944
1742922.3,553018680,553861944
1743502.4,553018680,553861944
1744086.5,553018680,553861944
1744667.4,553018680,553861944
1745248.5,553018680,553861944
1745829.4,553018680,553861944
1746409.2,553018680,553861944
1746989.7,553018680,553861944
1747570.2,553018680,553861944
1748152.2,553018680,553861944
1748733.8,553018680,553861944
1749315.6,553018680,553861944
1749896.1,553018680,553861944
1750479.5,553018680,553861944
1751059.8,553018680,553861944
1751640.4,553018680,553861944
1752220.1,553018680,553861944
1752801.3,553018680,553861944
1753382.1,553018680,553861944
1753961.9,553018680,553861944
1754543.0,553018680,553861944
1755124.5,553018680,553861944
1755704.4,553018680,553861944
1756284.8,553018680,553861944
1756864.7,553018680,553861944
1757444.8,553018680,553861944
1758029.6,553018680,553861944
1758610.8,553018680,553861944
1759193.7,553018680,553861944
1759773.4,553018680,553861944
1760354.3,553018680,553861944
1760935.1,553018680,553861944
1761516.0,553018680,553861944
1762095.2,553018680,553861944
1762674.5,553018680,553861944
1763257.1,553018680,553861944
1763840.5,553018680,553861944
1764423.7,553018680,553861944
1765003.6,553018680,553861944
1765584.8,553018680,553861944
1766167.8,553018680,553861944
1766748.7,553018680,553861944
1767331.0,553018680,553861944
1767913.0,553018680,553861944
1768492.7,553018680,553861944
1769076.8,553018680,553861944
1769659.3,553018680,553861944
1770240.5,553018680,553861944
1770820.8,553018680,553861944
1771402.1,553018680,553861944
1771984.9,553018680,553861944
1772567.8,553018680,553861944
1773149.0,553018680,553861944
1773729.1,553018680,553861944
1774310.0,553018680,553861944
1774890.3,553018680,553861944
1775470.0,553018680,553861944
1776050.0,553018680,553861944
1776630.3,553018680,553861944
1777210.9,553018680,553861944
1777791.6,553018680,553861944
1778372.5,553018680,553861944
1778953.2,553018680,553861944
1779533.5,553018680,553861944
1780115.0,553018680,553861944
1780695.3,553018680,553861944
1781277.7,553018680,553861944
1781858.7,553018680,553861944
1782439.5,553018680,553861944
1783020.0,553018680,553861944
1783602.0,553018680,553861944
1784184.5,553018680,553861944
1784764.4,553018680,553861944
1785344.4,553018680,553861944
1785925.7,553018680,553861944
1786505.8,553018680,553861944
1787087.3,553018680,553861944
1787667.5,553018680,553861944
1788252.2,553018680,553861944
1788832.3,553018680,553861944
1789413.5,553018680,553861944
1789996.4,553018680,553861944
1790577.5,553018680,553861944
1791160.3,553018680,553861944
1791741.5,553018680,553861944
1792322.1,553018680,553861944
1792902.1,553018680,553861944
1793482.1,553018680,553861944
1794062.6,553018680,553861944
1794644.1,553018680,553861944
1795224.8,553018680,553861944
1795805.3,553018680,553861944
1796386.6,553018680,553861944
1796968.2,553018680,553861944
1797548.7,553018680,553861944
1798130.5,553018680,553861944
1798710.7,553018680,553861944
1799293.3,553018680,553861944
1799874.0,553018680,553861944
1800460.6,553018680,553861944
1801042.6,553018680,553861944
1801624.2,553018680,553861944
1802206.4,553018680,553861944
1802786.5,553018680,553861944
1803367.0,553018680,553861944
1803947.3,553018680,553861944
1804527.2,553018680,553861944
1805108.7,553018680,553861944
1805688.7,553018680,553861944
1806269.6,553018680,553861944
1806849.9,553018680,553861944
1807430.6,553018680,553861944
1808010.9,553018680,553861944
1808591.2,553018680,553861944
1809171.3,553018680,553861944
1809752.9,553018680,553861944
1810336.2,553018680,553861944
1810916.2,553018680,553861944
1811496.3,553018680,553861944
1812077.0,553018680,553861944
1812658.4,553018680,553861944
1813242.4,553018680,553861944
1813825.0,553018680,553861944
1814406.9,553018680,553861944
1814989.6,553018680,553861944
1815572.0,553018680,553861944
1816154.4,553018680,553861944
1816735.2,553018680,553861944
1817314.8,553018680,553861944
1817897.0,553018680,553861944
1818478.5,553018680,553861944
1819060.4,553018680,553861944
1819641.2,553018680,553861944
1820222.5,553018680,553861944
1820804.0,553018680,553861944
1821384.6,553018680,553861944
1821965.4,553018680,553861944
1822544.9,553018680,553861944
1823125.3,553018680,553861944
1823707.1,553018680,553861944
1824289.2,553018680,553861944
1824869.0,553018680,553861944
1825450.0,553018680,553861944
1826031.8,553018680,553861944
1826613.0,553018680,553861944
1827195.1,553018680,553861944
1827775.2,553018680,553861944
1828355.9,553018680,553861944
1828938.3,553018680,553861944
1829519.8,553018680,553861944
1830101.1,553018680,553861944
1830684.1,553018680,553861944
1831265.2,553018680,553861944
1831846.2,553018680,553861944
1832427.3,553018680,553861944
1833007.7,553018680,553861944
1833588.2,553018680,553861944
1834169.7,553018680,553861944
1834750.6,553018680,553861944
1835331.2,553018680,553861944
1835911.5,553018680,553861944
1836492.7,553018680,553861944
1837073.7,553018680,553861944
1837655.5,553018680,553861944
1838238.6,553018680,553861944
1838818.3,553018680,553861944
1839401.6,553018680,553861944
1839981.9,553018680,553861944
1840562.0,553018680,553861944
1841143.2,553018680,553861944
